电影号,电影名,导演,演员一,演员二,简介,语言,评分,上映时间,奖项,票房,是否上架
1,The Shawshank Redemption,Frank Darabont,Tim Robbins,Morgan Freeman,"Two imprisoned men bond over a number of years, finding solace and eventual redemption through acts of common decency.",English,9.3,1905/6/16,1,191,1
2,The Godfather,Francis Ford Coppola,Marlon Brando,Al Pacino,"The Godfather follows Vito Corleone, Don of the Corleone family, as he passes the mantel to his unwilling son, Michael.",English,9.2,1905/5/25,2,251,0
3,The Godfather: Part II,Francis Ford Coppola,Al Pacino,Robert De Niro,"The early life and career of Vito Corleone in 1920s New York City is portrayed, while his son, Michael, expands and tightens his grip on the family crime syndicate.",English,9,1905/5/27,3,174,0
4,The Dark Knight,Christopher Nolan,Christian Bale,Heath Ledger,"When the menace known as the Joker wreaks havoc and chaos on the people of Gotham, Batman must accept one of the greatest psychological and physical tests of his ability to fight injustice.",Spanish,9,1905/6/30,4,428,0
5,12 Angry Men,Sidney Lumet,Henry Fonda,Lee J. Cobb,The jury in a New York City murder trial is frustrated by a single member whose skeptical caution forces them to more carefully consider the evidence before jumping to a hasty verdict.,French,9,1905/5/10,5,160,1
6,Schindler's List,Steven Spielberg,Liam Neeson,Ralph Fiennes,"In German-occupied Poland during World War II, industrialist Oskar Schindler gradually becomes concerned for his Jewish workforce after witnessing their persecution by the Nazis.",English,8.9,1905/6/15,6,168,1
7,The Lord of the Rings: The Return of the King,Peter Jackson,Elijah Wood,Viggo Mortensen,Gandalf and Aragorn lead the World of Men against Sauron's army to draw his gaze from Frodo and Sam as they approach Mount Doom with the One Ring.,Spanish,8.9,1905/6/25,7,336,1
8,Pulp Fiction,Quentin Tarantino,John Travolta,Uma Thurman,"The lives of two mob hitmen, a boxer, a gangster and his wife, and a pair of diner bandits intertwine in four tales of violence and redemption.",English,8.9,1905/6/16,8,292,1
9,"Il buono, il brutto, il cattivo",Sergio Leone,Clint Eastwood,Eli Wallach,A bounty hunting scam joins two men in an uneasy alliance against a third in a race to find a fortune in gold buried in a remote cemetery.,English,8.8,1905/5/19,9,150,1
10,The Lord of the Rings: The Fellowship of the Ring,Peter Jackson,Elijah Wood,Ian McKellen,A meek Hobbit from the Shire and eight companions set out on a journey to destroy the powerful One Ring and save Middle-earth from the Dark Lord Sauron.,Spanish,8.8,1905/6/23,10,206,0
11,Fight Club,David Fincher,Brad Pitt,Edward Norton,An insomniac office worker and a devil-may-care soap maker form an underground fight club that evolves into much more.,English,8.8,1905/6/21,11,367,0
12,Forrest Gump,Robert Zemeckis,Tom Hanks,Robin Wright,"The presidencies of Kennedy and Johnson, the Vietnam War, the Watergate scandal and other historical events unfold from the perspective of an Alabama man with an IQ of 75, whose only desire ... Read all",Spanish,8.8,1905/6/16,3,166,1
13,Inception,Christopher Nolan,Leonardo DiCaprio,Joseph Gordon-Levitt,"A thief who steals corporate secrets through the use of dream-sharing technology is given the inverse task of planting an idea into the mind of a C.E.O., but his tragic past may doom the pro... Read all",Spanish,8.8,1905/7/2,10,479,1
14,The Lord of the Rings: The Two Towers,Peter Jackson,Elijah Wood,Ian McKellen,"While Frodo and Sam edge closer to Mordor with the help of the shifty Gollum, the divided fellowship makes a stand against Sauron's new ally, Saruman, and his hordes of Isengard.",Spanish,8.7,1905/6/24,4,310,1
15,Star Wars: Episode V - The Empire Strikes Back,Irvin Kershner,Mark Hamill,Harrison Ford,"After the Rebels are brutally overpowered by the Empire on the ice planet Hoth, Luke Skywalker begins Jedi training with Yoda, while his friends are pursued across the galaxy by Darth Vader ... Read all",Spanish,8.7,1905/6/2,4,234,0
16,The Matrix,Lana Wachowski,Keanu Reeves,Laurence Fishburne,"When a beautiful stranger leads computer hacker Neo to a forbidding underworld, he discovers the shocking truth--the life he knows is the elaborate deception of an evil cyber-intelligence.",English,8.7,1905/6/21,10,245,1
17,Goodfellas,Martin Scorsese,Robert De Niro,Ray Liotta,"The story of Henry Hill and his life in the mob, covering his relationship with his wife Karen Hill and his mob partners Jimmy Conway and Tommy DeVito in the Italian-American crime syndicate... Read all",English,8.7,1905/6/12,8,156,0
18,One Flew Over the Cuckoo's Nest,Milos Forman,Jack Nicholson,Louise Fletcher,"A criminal pleads insanity and is admitted to a mental institution, where he rebels against the oppressive nurse and rallies up the scared patients.",English,8.7,1905/5/28,12,176,1
19,Shichinin no samurai,Akira Kurosawa,Toshirô Mifune,Takashi Shimura,A poor village under attack by bandits recruits seven unemployed samurai to help them defend themselves.,Chinese,8.6,1905/5/7,13,125,1
20,Se7en,David Fincher,Morgan Freeman,Brad Pitt,"Two detectives, a rookie and a veteran, hunt a serial killer who uses the seven deadly sins as his motives.",English,8.6,1905/6/17,11,175,0
21,The Silence of the Lambs,Jonathan Demme,Jodie Foster,Anthony Hopkins,"A young F.B.I. cadet must receive the help of an incarcerated and manipulative cannibal killer to help catch another serial killer, a madman who skins his victims.",English,8.6,1905/6/13,12,242,1
22,Cidade de Deus,Fernando Meirelles,Alexandre Rodrigues,Leandro Firmino,"In the slums of Rio, two kids' paths diverge as one struggles to become a photographer and the other a kingpin.",English,8.6,1905/6/24,14,212,0
23,It's a Wonderful Life,Frank Capra,James Stewart,Donna Reed,An angel is sent from Heaven to help a desperately frustrated businessman by showing him what life would have been like if he had never existed.,Spanish,8.6,1905/4/29,15,191,0
24,La vita è bella,Roberto Benigni,Roberto Benigni,Nicoletta Braschi,"When an open-minded Jewish waiter and his son become victims of the Holocaust, he uses a perfect mixture of will, humor, and imagination to protect his son from the dangers around their camp... Read all",Spanish,8.6,1905/6/19,2,152,1
25,Saving Private Ryan,Steven Spielberg,Tom Hanks,Matt Damon,"Following the Normandy Landings, a group of U.S. soldiers go behind enemy lines to retrieve a paratrooper whose brothers have been killed in action.",English,8.6,1905/6/20,12,266,1
26,Star Wars,George Lucas,Mark Hamill,Harrison Ford,"Luke Skywalker joins forces with a Jedi Knight, a cocky pilot, a Wookiee and two droids to save the galaxy from the Empire's world-destroying battle station, while also attempting to rescue ... Read all",Spanish,8.6,1905/5/30,6,203,1
27,Interstellar,Christopher Nolan,Matthew McConaughey,Anne Hathaway,A team of explorers travel through a wormhole in space in an attempt to ensure humanity's survival.,Spanish,8.6,1905/7/6,8,627,0
28,Sen to Chihiro no kamikakushi,Hayao Miyazaki,Daveigh Chase,Suzanne Pleshette,"During her family's move to the suburbs, a sullen 10-year-old girl wanders into a world ruled by gods, witches, and spirits, and where humans are changed into beasts.",Spanish,8.6,1905/6/23,8,210,1
29,The Green Mile,Frank Darabont,Tom Hanks,Michael Clarke Duncan,"The lives of guards on Death Row are affected by one of their charges: a black man accused of child murder and rape, yet who has a mysterious gift.",English,8.6,1905/6/21,14,199,0
30,Gisaengchung,Bong Joon Ho,Kang-ho Song,Sun-kyun Lee,Greed and class discrimination threaten the newly formed symbiotic relationship between the wealthy Park family and the destitute Kim clan.,English,8.6,1905/7/11,10,599,0
31,Léon,Luc Besson,Jean Reno,Gary Oldman,"12-year-old Mathilda is reluctantly taken in by Léon, a professional assassin, after her family is murdered. An unusual relationship forms as she becomes his protégée and learns the assassin... Read all",English,8.5,1905/6/16,9,148,1
32,Seppuku,Steven Spielberg,Tatsuya Nakadai,Akira Ishihama,"Dear Mr. Bundit, we tried so hard to make this database, we all want to have a good score, thank you! Wish you have an enjoyable vacation.",Chinese,8.6,1905/5/15,9,78,0
33,The Pianist,Roman Polanski,Adrien Brody,Thomas Kretschmann,A Polish Jewish musician struggles to survive the destruction of the Warsaw ghetto of World War II.,English,8.5,1905/6/24,2,137,0
34,Terminator 2: Judgment Day,James Cameron,Arnold Schwarzenegger,Linda Hamilton,"A cyborg, identical to the one who failed to kill Sarah Connor, must now protect her ten-year-old son John from a more advanced and powerful cyborg.",English,8.5,1905/6/13,10,303,1
35,Back to the Future,Robert Zemeckis,Michael J. Fox,Christopher Lloyd,"Marty McFly, a 17-year-old high school student, is accidentally sent thirty years into the past in a time-traveling DeLorean invented by his close friend, the eccentric scientist Doc Brown.",English,8.5,1905/6/7,8,258,1
36,The Usual Suspects,Bryan Singer,Kevin Spacey,Gabriel Byrne,"A sole survivor tells of the twisty events leading up to a horrific gun battle on a boat, which began when five criminals met at a seemingly random police lineup.",English,8.5,1905/6/17,4,147,0
37,Psycho,Alfred Hitchcock,Anthony Perkins,Janet Leigh,"A Phoenix secretary embezzles $40,000 from her employer's client, goes on the run, and checks into a remote motel run by a young man under the domination of his mother.",English,8.5,1905/5/13,14,249,0
38,The Lion King,Roger Allers,Matthew Broderick,Jeremy Irons,"Lion prince Simba and his father are targeted by his bitter uncle, who wants to ascend the throne himself.",Japanese,8.5,1905/6/16,4,224,1
39,Modern Times,Steven Spielberg,Charles Chaplin,Paulette Goddard,"Dear Mr. Bundit, we tried so hard to make this database, we all want to have a good score, thank you! Wish you have an enjoyable vacation.",Japanese,8.5,1905/4/19,9,118,0
40,Hotaru no haka,Isao Takahata,Tsutomu Tatsumi,Ayano Shiraishi,A young boy and his little sister struggle to survive in Japan during World War II.,Chinese,8.5,1905/6/10,9,134,1
41,American History X,Tony Kaye,Edward Norton,Edward Furlong,A former neo-nazi skinhead tries to prevent his younger brother from going down the same wrong path that he did.,English,8.5,1905/6/20,11,123,0
42,Whiplash,Damien Chazelle,Miles Teller,J.K. Simmons,A promising young drummer enrolls at a cut-throat music conservatory where his dreams of greatness are mentored by an instructor who will stop at nothing to realize a student's potential.,English,8.5,1905/7/6,2,584,1
43,Gladiator,Ridley Scott,Russell Crowe,Joaquin Phoenix,A former Roman General sets out to exact vengeance against the corrupt emperor who murdered his family and sent him into slavery.,English,8.5,1905/6/22,12,215,0
44,City Lights,Steven Spielberg,Charles Chaplin,Virginia Cherrill,"Dear Mr. Bundit, we tried so hard to make this database, we all want to have a good score, thank you! Wish you have an enjoyable vacation.",Japanese,8.5,1905/4/14,9,125,1
45,The Departed,Martin Scorsese,Leonardo DiCaprio,Matt Damon,An undercover cop and a mole in the police attempt to identify each other while infiltrating an Irish gang in South Boston.,English,8.5,1905/6/28,10,292,1
46,Intouchables,Olivier Nakache,François Cluzet,Omar Sy,"After he becomes a quadriplegic from a paragliding accident, an aristocrat hires a young man from the projects to be his caregiver.",English,8.5,1905/7/3,16,320,1
47,The Prestige,Christopher Nolan,Christian Bale,Hugh Jackman,"After a tragic accident, two stage magicians in 1890s London engage in a battle to create the ultimate illusion while sacrificing everything they have to outwit each other.",Spanish,8.5,1905/6/28,13,361,0
48,Casablanca,Michael Curtiz,Humphrey Bogart,Ingrid Bergman,A cynical expatriate American cafe owner struggles to decide whether or not to help his former lover and her fugitive husband escape the Nazis in French Morocco.,Spanish,8.5,1905/4/25,2,210,1
49,C'era una volta il West,Sergio Leone,Henry Fonda,Charles Bronson,A mysterious stranger with a harmonica joins forces with a notorious desperado to protect a beautiful widow from a ruthless assassin working for the railroad.,Spanish,8.5,1905/5/21,9,143,0
50,Rear Window,Alfred Hitchcock,James Stewart,Grace Kelly,"A wheelchair-bound photographer spies on his neighbors from his Greenwich Village courtyard apartment window, and becomes convinced one of them has committed murder, despite the skepticism o... Read all",Spanish,8.5,1905/5/7,14,175,0
51,Nuovo Cinema Paradiso,Giuseppe Tornatore,Philippe Noiret,Enzo Cannavale,A filmmaker recalls his childhood when falling in love with the pictures at the cinema of his home village and forms a deep friendship with the cinema's projectionist.,Spanish,8.5,1905/6/10,8,116,1
52,Alien,Ridley Scott,Sigourney Weaver,Tom Skerritt,"After a space merchant vessel receives an unknown transmission as a distress call, one of the crew is attacked by a mysterious life form and they soon realize that its life cycle has merely ... Read all",English,8.4,1905/6/1,8,317,0
53,Apocalypse Now,Francis Ford Coppola,Martin Sheen,Marlon Brando,A U.S. Army officer serving in Vietnam is tasked with assassinating a renegade Special Forces Colonel who sees himself as a god.,English,8.4,1905/6/1,4,297,0
54,Memento,Christopher Nolan,Guy Pearce,Carrie-Anne Moss,A man with short-term memory loss attempts to track down his wife's murderer.,English,8.4,1905/6/22,13,227,0
55,Raiders of the Lost Ark,Steven Spielberg,Harrison Ford,Karen Allen,"In 1936, archaeologist and adventurer Indiana Jones is hired by the U.S. government to find the Ark of the Covenant before Adolf Hitler's Nazis can obtain its awesome powers.",Spanish,8.4,1905/6/3,12,269,1
56,The Great Dictator,Charles Chaplin,Charles Chaplin,Paulette Goddard,Dictator Adenoid Hynkel tries to expand his empire while a poor Jewish barber tries to avoid persecution from Hynkel's regime.,Japanese,8.4,1905/4/23,15,118,0
57,Django Unchained,Quentin Tarantino,Jamie Foxx,Christoph Waltz,"With the help of a German bounty-hunter, a freed slave sets out to rescue his wife from a brutal plantation-owner in Mississippi.",English,8.4,1905/7/4,4,656,1
58,Das Leben der Anderen,Steven Spielberg,Ulrich Mühe,Martina Gedeck,"Dear Mr. Bundit, we tried so hard to make this database, we all want to have a good score, thank you! Wish you have an enjoyable vacation.",English,8.4,1905/6/28,8,218,0
59,Paths of Glory,Stanley Kubrick,Kirk Douglas,Ralph Meeker,"After refusing to attack an enemy position, a general accuses the soldiers of cowardice and their commanding officer must defend them.",French,8.4,1905/5/10,16,163,0
60,Sunset Blvd.,Billy Wilder,William Holden,Gloria Swanson,A screenwriter develops a dangerous relationship with a faded film star determined to make a triumphant return.,English,8.4,1905/5/3,2,190,1
61,WALL·E,Andrew Stanton,Ben Burtt,Elissa Knight,"In the distant future, a small waste-collecting robot inadvertently embarks on a space journey that will ultimately decide the fate of mankind.",Japanese,8.4,1905/6/30,8,271,1
62,Avengers: Infinity War,Anthony Russo,Robert Downey Jr.,Chris Hemsworth,The Avengers and their allies must be willing to sacrifice all in an attempt to defeat the powerful Thanos before his blitz of devastation and ruin puts an end to the universe.,Spanish,8.4,1905/7/10,11,622,0
63,Witness for the Prosecution,Billy Wilder,Tyrone Power,Marlene Dietrich,A veteran British barrister must defend his client in a murder trial that has surprise after surprise.,French,8.4,1905/5/10,17,98,1
64,The Shining,Stanley Kubrick,Jack Nicholson,Shelley Duvall,"A family heads to an isolated hotel for the winter where a sinister presence influences the father into violence, while his psychic son sees horrific forebodings from both past and future.",English,8.4,1905/6/2,9,351,1
65,Spider-Man: Into the Spider-Verse,Bob Persichetti,Shameik Moore,Jake Johnson,"Teen Miles Morales becomes the Spider-Man of his universe, and must join with five spider-powered individuals from other dimensions to stop a threat for all realities.",Spanish,8.4,1905/7/10,8,414,0
66,Dr. Strangelove or: How I Learned to Stop Worrying and Love the Bomb,Stanley Kubrick,Peter Sellers,George C. Scott,"An insane American general orders a bombing attack on the Soviet Union, triggering a path to nuclear holocaust that a war room full of politicians and generals frantically tries to stop.",Spanish,8.4,1905/5/17,14,228,1
67,Mononoke-hime,Hayao Miyazaki,Yôji Matsuda,Yuriko Ishida,"On a journey to find the cure for a Tatarigami's curse, Ashitaka finds himself in the middle of a war between the forest gods and Tatara, a mining colony. In this quest he also meets San, th... Read all",Spanish,8.4,1905/6/19,9,197,0
68,Oldeuboi,Park Chan-wook,Choi Min-sik,Yoo Ji-Tae,"After being kidnapped and imprisoned for fifteen years, Oh Dae-Su is released, only to find that he must find his captor in five days.",French,8.4,1905/6/25,9,332,1
69,Joker,Todd Phillips,Joaquin Phoenix,Robert De Niro,"In Gotham City, mentally troubled comedian Arthur Fleck is disregarded and mistreated by society. He then embarks on a downward spiral of revolution and bloody crime. This path brings him fa... Read all",English,8.4,1905/7/11,4,690,0
70,Kimi no na wa.,Makoto Shinkai,Ryûnosuke Kamiki,Mone Kamishiraishi,"Two strangers find themselves linked in a bizarre way. When a connection forms, will distance be the only thing to keep them apart?",German,8.4,1905/7/8,9,240,1
71,Coco,Lee Unkrich,Anthony Gonzalez,Gael García Bernal,"Aspiring musician Miguel, confronted with his family's ancestral ban on music, enters the Land of the Dead to find his great-great-grandfather, a legendary singer.",Spanish,8.4,1905/7/9,4,415,0
72,The Dark Knight Rises,Christopher Nolan,Christian Bale,Tom Hardy,"Eight years after the Joker's reign of anarchy, Batman, with the help of the enigmatic Catwoman, is forced from his exile to save Gotham City from the brutal guerrilla terrorist Bane.",Spanish,8.4,1905/7/4,16,555,1
73,Aliens,James Cameron,Sigourney Weaver,Michael Biehn,"Fifty-seven years after surviving an apocalyptic attack aboard her space vessel by merciless space creatures, Officer Ripley awakens from hyper-sleep and tries to warn anyone who will listen... Read all",English,8.3,1905/6/8,4,217,0
74,Once Upon a Time in America,Sergio Leone,Robert De Niro,James Woods,"A former Prohibition-era Jewish gangster returns to the Lower East Side of Manhattan 35 years later, where he must once again confront the ghosts and regrets of his old life.",English,8.3,1905/6/6,18,131,1
75,Avengers: Endgame,Anthony Russo,Robert Downey Jr.,Chris Evans,"After the devastating events of Avengers: Infinity War (2018), the universe is in ruins. With the help of remaining allies, the Avengers assemble once more in order to reverse Thanos' action... Read all",Spanish,8.4,1905/7/11,11,582,1
76,Capharnaüm,Nadine Labaki,Zain Al Rafeea,Yordanos Shiferaw,"While serving a five-year sentence for a violent crime, a 12-year-old boy sues his parents for neglect.",English,8.4,1905/7/10,11,194,1
77,Das Boot,Wolfgang Petersen,Jürgen Prochnow,Herbert Grönemeyer,"The claustrophobic world of a WWII German U-boat; boredom, filth and sheer terror.",German,8.3,1905/6/3,17,108,0
78,Tengoku to jigoku,Akira Kurosawa,Toshirô Mifune,Yutaka Sada,An executive of a Yokohama shoe company becomes a victim of extortion when his chauffeur's son is kidnapped by mistake and held for ransom.,Chinese,8.4,1905/5/16,9,96,1
79,3 Idiots,Rajkumar Hirani,Aamir Khan,Madhavan,"Two friends are searching for their long lost companion. They revisit their college days and recall the memories of their friend who inspired them to think differently, even as the rest of t... Read all",Spanish,8.4,1905/7/1,9,56,0
80,Toy Story,John Lasseter,Tom Hanks,Tim Allen,A cowboy doll is profoundly threatened and jealous when a new spaceman figure supplants him as top toy in a boy's room.,Japanese,8.3,1905/6/17,8,155,1
81,Amadeus,Milos Forman,F. Murray Abraham,Tom Hulce,"The life, success and troubles of Wolfgang Amadeus Mozart, as told by Antonio Salieri, the contemporaneous composer who was insanely jealous of Mozart's talent and claimed to have murdered h... Read all",Spanish,8.3,1905/6/6,19,125,0
82,American Beauty,Sam Mendes,Kevin Spacey,Annette Bening,A sexually frustrated suburban father has a mid-life crisis after becoming infatuated with his daughter's best friend.,English,8.3,1905/6/21,12,207,1
83,Braveheart,Mel Gibson,Mel Gibson,Sophie Marceau,Scottish warrior William Wallace leads his countrymen in a rebellion to free his homeland from the tyranny of King Edward I of England.,English,8.3,1905/6/17,12,148,0
84,Inglourious Basterds,Quentin Tarantino,Brad Pitt,Diane Kruger,"In Nazi-occupied France during World War II, a plan to assassinate Nazi leaders by a group of Jewish U.S. soldiers coincides with a theatre owner's vengeful plans for the same.",English,8.3,1905/7/1,8,399,1
85,Hamilton,Thomas Kail,Lin-Manuel Miranda,Phillipa Soo,"The real life of one of America's foremost founding fathers and first Secretary of the Treasury, Alexander Hamilton. Captured live on Broadway from the Richard Rodgers Theater with the origi... Read all",Spanish,8.4,1905/7/12,20,103,0
86,Good Will Hunting,Gus Van Sant,Robin Williams,Matt Damon,"Will Hunting, a janitor at M.I.T., has a gift for mathematics, but needs help from a psychologist to find direction in his life.",English,8.3,1905/6/19,4,158,0
87,Star Wars: Episode VI - Return of the Jedi,Richard Marquand,Mark Hamill,Harrison Ford,"After a daring mission to rescue Han Solo from Jabba the Hutt, the Rebels dispatch to Endor to destroy the second Death Star. Meanwhile, Luke struggles to help Darth Vader back from the dark... Read all",Spanish,8.3,1905/6/5,8,207,0
88,2001: A Space Odyssey,Stanley Kubrick,Keir Dullea,Gary Lockwood,"The Monoliths push humanity to reach for the stars; after their discovery in Africa generations ago, the mysterious objects lead mankind on an awesome journey to Jupiter, with the help of H.... Read all",Japanese,8.3,1905/5/21,8,283,1
89,Idi i smotri,Elem Klimov,Aleksey Kravchenko,Olga Mironova,"After finding an old rifle, a young boy joins the Soviet resistance movement against ruthless German forces and experiences the horrors of World War II.",Chinese,8.3,1905/6/7,9,125,0
90,Reservoir Dogs,Quentin Tarantino,Harvey Keitel,Tim Roth,"When a simple jewelry heist goes horribly wrong, the surviving criminals begin to suspect that one of them is a police informant.",English,8.3,1905/6/14,9,190,1
91,Taare Zameen Par,Aamir Khan,Darsheel Safary,Aamir Khan,"An eight-year-old boy is thought to be a lazy trouble-maker, until the new art teacher has the patience and compassion to discover the real problem behind his struggles in school.",Spanish,8.4,1905/6/29,9,36,0
92,Vertigo,Alfred Hitchcock,James Stewart,Kim Novak,"A former San Francisco police detective juggles wrestling with his personal demons and becoming obsessed with the hauntingly beautiful woman he has been hired to trail, who may be deeply dis... Read all",Spanish,8.3,1905/5/11,13,195,1
93,M - Eine Stadt sucht einen Mörder,Fritz Lang,Peter Lorre,Ellen Widmann,"When the police in a German city are unable to catch a child-murderer, other criminals join in the manhunt.",English,8.3,1905/4/14,9,173,0
94,Jagten,Thomas Vinterberg,Mads Mikkelsen,Thomas Bo Larsen,"A teacher lives a lonely life, all the while struggling over his son's custody. His life slowly gets better as he finds love and receives good news from his son, but his new luck is about to... Read all",English,8.3,1905/7/4,11,380,0
95,Citizen Kane,Orson Welles,Orson Welles,Joseph Cotten,"Following the death of publishing tycoon Charles Foster Kane, reporters scramble to uncover the meaning of his final utterance; 'Rosebud'.",Spanish,8.3,1905/4/24,8,262,1
96,Requiem for a Dream,Darren Aronofsky,Ellen Burstyn,Jared Leto,The drug-induced utopias of four Coney Island people are shattered when their addictions run deep.,German,8.3,1905/6/22,11,255,0
97,Singin' in the Rain,Stanley Donen,Gene Kelly,Donald O'Connor,A silent film star falls for a chorus girl just as he and his delusionally jealous screen partner are trying to make the difficult transition to talking pictures in 1920s Hollywood.,Japanese,8.3,1905/5/5,13,163,0
98,North by Northwest,Alfred Hitchcock,Cary Grant,Eva Marie Saint,"A New York City advertising executive goes on the run after being mistaken for a government agent by a group of foreign spies, and falls for a woman whose loyalties he begins to doubt.",French,8.3,1905/5/12,5,181,1
99,Eternal Sunshine of the Spotless Mind,Michel Gondry,Jim Carrey,Kate Winslet,"When their relationship turns sour, a couple undergoes a medical procedure to have each other erased from their memories.",English,8.3,1905/6/26,8,300,1
100,Ikiru,Akira Kurosawa,Takashi Shimura,Nobuo Kaneko,A bureaucrat tries to find meaning in his life after he discovers he has terminal cancer.,Chinese,8.3,1905/5/5,16,131,1
101,Ladri di biciclette,Vittorio De Sica,Lamberto Maggiorani,Enzo Staiola,"In post-war Italy, a working-class man's bicycle is stolen, endangering his efforts to find work. He and his son set out to find it.",Chinese,8.3,1905/5/1,8,139,1
102,Lawrence of Arabia,David Lean,Peter O'Toole,Alec Guinness,"The story of T.E. Lawrence, the English officer who successfully united and led the diverse, often warring, Arab tribes during World War I in order to fight the Turks.",French,8.3,1905/5/15,6,158,1
103,The Kid,Steven Spielberg,Charles Chaplin,Edna Purviance,"Dear Mr. Bundit, we tried so hard to make this database, we all want to have a good score, thank you! Wish you have an enjoyable vacation.",English,8.3,1905/4/4,9,113,0
104,Full Metal Jacket,Stanley Kubrick,Matthew Modine,R. Lee Ermey,A pragmatic U.S. Marine observes the dehumanizing effects the Vietnam War has on his fellow recruits from their brutal boot camp training to the bloody street fighting in Hue.,English,8.3,1905/6/9,11,158,0
105,Dangal,Nitesh Tiwari,Aamir Khan,Sakshi Tanwar,Former wrestler Mahavir Singh Phogat and his two wrestler daughters struggle towards glory at the Commonwealth Games in the face of societal oppression.,Chinese,8.4,1905/7/8,9,64,1
106,Incendies,Denis Villeneuve,Lubna Azabal,Mélissa Désormeaux-Poulin,Twins journey to the Middle East to discover their family history and fulfill their mother's last wishes.,English,8.3,1905/7/2,11,244,1
107,The Apartment,Billy Wilder,Jack Lemmon,Shirley MacLaine,"A Manhattan insurance clerk tries to rise in his company by letting its executives use his apartment for trysts, but complications and a romance of his own ensue.",French,8.3,1905/5/13,12,229,1
108,Double Indemnity,Billy Wilder,Fred MacMurray,Barbara Stanwyck,"A Los Angeles insurance representative lets an alluring housewife seduce him into a scheme of insurance fraud and murder that arouses the suspicion of his colleague, an insurance investigato... Read all",English,8.3,1905/4/27,1,153,1
109,Metropolis,Fritz Lang,Brigitte Helm,Alfred Abel,"In a futuristic city sharply divided between the working class and the city planners, the son of the city's mastermind falls in love with a working-class prophet who predicts the coming of a... Read all",Chinese,8.3,1905/4/10,9,217,0
110,Taxi Driver,Martin Scorsese,Robert De Niro,Jodie Foster,"A mentally unstable veteran works as a nighttime taxi driver in New York City, where the perceived decadence and sleaze fuels his urge for violent action.",English,8.2,1905/5/29,14,292,1
111,A Clockwork Orange,Stanley Kubrick,Malcolm McDowell,Patrick Magee,"In the future, a sadistic gang leader is imprisoned and volunteers for a conduct-aversion experiment, but it doesn't go as planned.",German,8.3,1905/5/24,14,197,0
112,The Father,Florian Zeller,Anthony Hopkins,Olivia Colman,"A man refuses all assistance from his daughter as he ages. As he tries to make sense of his changing circumstances, he begins to doubt his loved ones, his own mind and even the fabric of his... Read all",Spanish,8.3,1905/7/12,4,294,1
113,Jodaeiye Nader az Simin,Asghar Farhadi,Payman Maadi,Leila Hatami,A married couple are faced with a difficult decision - to improve the life of their child by moving to another country or to stay in Iran and look after a deteriorating parent who has Alzhei... Read all,Spanish,8.3,1905/7/3,8,371,1
114,The Sting,George Roy Hill,Paul Newman,Robert Redford,Two grifters team up to pull off the ultimate con.,Spanish,8.3,1905/5/26,6,129,1
115,Scarface,Brian De Palma,Al Pacino,Michelle Pfeiffer,"In 1980 Miami, a determined Cuban immigrant takes over a drug cartel and succumbs to greed.",English,8.3,1905/6/5,9,177,1
116,Snatch,Guy Ritchie,Jason Statham,Brad Pitt,"Unscrupulous boxing promoters, violent bookmakers, a Russian gangster, incompetent amateur robbers and supposedly Jewish jewelers fight to track down a priceless stolen diamond.",English,8.2,1905/6/22,9,163,0
117,1917,Sam Mendes,Dean-Charles Chapman,George MacKay,"April 6th, 1917. As an infantry battalion assembles to wage war deep in enemy territory, two soldiers are assigned to race against time and deliver a message that will stop 1,600 men from wa... Read all",English,8.3,1905/7/11,2,512,1
118,Le fabuleux destin d'Amélie Poulain,Jean-Pierre Jeunet,Audrey Tautou,Mathieu Kassovitz,"Amélie is an innocent and naive girl in Paris with her own sense of justice. She decides to help those around her and, along the way, discovers love.",English,8.3,1905/6/23,15,147,0
119,To Kill a Mockingbird,Robert Mulligan,Gregory Peck,John Megna,"Atticus Finch, a widowed lawyer in Depression-era Alabama, defends a black man against an undeserved rape charge, and his children against prejudice.",French,8.2,1905/5/15,2,158,0
120,Toy Story 3,Lee Unkrich,Tom Hanks,Tim Allen,"The toys are mistakenly delivered to a day-care center instead of the attic right before Andy leaves for college, and it's up to Woody to convince the other toys that they weren't abandoned ... Read all",Japanese,8.2,1905/7/2,4,465,0
121,Pather Panchali,Satyajit Ray,Kanu Bannerjee,Karuna Bannerjee,"Impoverished priest Harihar Ray, dreaming of a better life for himself and his family, leaves his rural Bengal village in search of work.",Chinese,8.4,1905/5/8,16,117,1
122,Per qualche dollaro in più,Sergio Leone,Clint Eastwood,Lee Van Cleef,Two bounty hunters with the same intentions team up to track down an escaped Mexican outlaw.,English,8.2,1905/5/18,9,97,1
123,Up,Pete Docter,Ed Asner,Jordan Nagai,"78-year-old Carl Fredricksen travels to Paradise Falls in his house equipped with balloons, inadvertently taking a young stowaway.",Spanish,8.2,1905/7/1,4,408,1
124,Indiana Jones and the Last Crusade,Steven Spielberg,Harrison Ford,Sean Connery,"In 1938, after his father Professor Henry Jones, Sr. goes missing while pursuing the Holy Grail, Professor Henry ""Indiana"" Jones, Jr. finds himself up against Adolf Hitler's Nazis again to s... Read all",Spanish,8.2,1905/6/11,8,176,1
125,Heat,Michael Mann,Al Pacino,Robert De Niro,A group of high-end professional thieves start to feel the heat from the LAPD when they unknowingly leave a clue at their latest heist.,English,8.2,1905/6/17,9,206,1
126,L.A. Confidential,Curtis Hanson,Kevin Spacey,Russell Crowe,"As corruption grows in 1950s Los Angeles, three policemen - one strait-laced, one brutal, and one sleazy - investigate a series of murders with their own brand of justice.",English,8.2,1905/6/19,4,145,0
127,Yôjinbô,Akira Kurosawa,Toshirô Mifune,Eijirô Tôno,A crafty ronin comes to a town divided by two criminal gangs and decides to play them against each other to free the town.,Chinese,8.2,1905/5/14,11,134,1
128,Ran,Akira Kurosawa,Tatsuya Nakadai,Akira Terao,"In Medieval Japan, an elderly warlord retires, handing over his empire to his three sons. However, he vastly underestimates how the new-found power will corrupt them and cause them to turn o... Read all",English,8.2,1905/6/7,8,165,0
129,Die Hard,John McTiernan,Bruce Willis,Alan Rickman,An NYPD officer tries to save his wife and several others taken hostage by German terrorists during a Christmas party at the Nakatomi Plaza in Los Angeles.,English,8.2,1905/6/10,14,216,0
130,Green Book,Peter Farrelly,Viggo Mortensen,Mahershala Ali,A working-class Italian-American bouncer becomes the driver of an African-American classical pianist on a tour of venues through the 1960s American South.,Spanish,8.2,1905/7/10,2,420,1
131,Rashômon,Akira Kurosawa,Toshirô Mifune,Machiko Kyô,"The rape of a bride and the murder of her samurai husband are recalled from the perspectives of a bandit, the bride, the samurai's ghost and a woodcutter.",Chinese,8.2,1905/5/3,8,133,0
132,Der Untergang,Steven Spielberg,Bruno Ganz,Alexandra Maria Lara,"Dear Mr. Bundit, we tried so hard to make this database, we all want to have a good score, thank you! Wish you have an enjoyable vacation.",English,8.2,1905/6/26,11,114,0
133,Monty Python and the Holy Grail,Terry Gilliam,Graham Chapman,John Cleese,"King Arthur and his Knights of the Round Table embark on a surreal, low-budget search for the Holy Grail, encountering many, very silly obstacles.",Spanish,8.2,1905/5/28,9,114,1
134,All About Eve,Joseph L. Mankiewicz,Bette Davis,Anne Baxter,A seemingly timid but secretly ruthless ingénue insinuates herself into the lives of an aging Broadway star and her circle of theater friends.,English,8.2,1905/5/3,3,151,1
135,Some Like It Hot,Billy Wilder,Marilyn Monroe,Tony Curtis,"After two male musicians witness a mob hit, they flee the state in an all-female band disguised as women, but further complications set in.",English,8.2,1905/5/12,8,221,1
136,Batman Begins,Christopher Nolan,Christian Bale,Michael Caine,"After training with his mentor, Batman begins his fight to free crime-ridden Gotham City from corruption.",Spanish,8.2,1905/6/27,11,328,0
137,Unforgiven,Clint Eastwood,Clint Eastwood,Gene Hackman,"Retired Old West gunslinger William Munny reluctantly takes on one last job, with the help of his old partner Ned Logan and a young man, The ""Schofield Kid.""",English,8.2,1905/6/14,10,135,1
138,Bacheha-Ye aseman,Majid Majidi,Mohammad Amir Naji,Amir Farrokh Hashemian,"After a boy loses his sister's pair of shoes, he goes on a series of adventures in order to find them. When he can't, he tries a new way to ""win"" a new pair.",Spanish,8.3,1905/6/19,11,59,0
139,Hauru no ugoku shiro,Hayao Miyazaki,Chieko Baishô,Takuya Kimura,"When an unconfident young woman is cursed with an old body by a spiteful witch, her only chance of breaking the spell lies with a self-indulgent yet insecure young wizard and his companions ... Read all",Spanish,8.2,1905/6/26,11,239,1
140,The Wolf of Wall Street,Martin Scorsese,Leonardo DiCaprio,Jonah Hill,"Based on the true story of Jordan Belfort, from his rise to a wealthy stock-broker living the high life to his fall involving crime, corruption and the federal government.",English,8.2,1905/7/5,15,416,0
141,Jai Bhim,T.J. Gnanavel,Suriya,Lijo Mol Jose,"When a tribal man is arrested for a case of alleged theft, his wife turns to a human-rights lawyer to help bring justice.",German,9.4,1905/7/13,21,19,0
142,Judgment at Nuremberg,Stanley Kramer,Spencer Tracy,Burt Lancaster,"In 1948, an American court in occupied Germany tries four Nazis judged for war crimes.",French,8.2,1905/5/14,4,103,0
143,There Will Be Blood,Paul Thomas Anderson,Daniel Day-Lewis,Paul Dano,"A story of family, religion, hatred, oil and madness, focusing on a turn-of-the-century prospector in the early days of the business.",English,8.2,1905/6/29,4,350,0
144,The Great Escape,John Sturges,Steve McQueen,James Garner,Allied prisoners of war plan for several hundred of their number to escape from a German camp during World War II.,French,8.2,1905/5/16,11,114,0
145,Casino,Martin Scorsese,Robert De Niro,Sharon Stone,"A tale of greed, deception, money, power, and murder occur between two best friends: a mafia enforcer and a casino executive compete against each other over a gambling empire, and over a fas... Read all",French,8.2,1905/6/17,11,124,1
146,The Treasure of the Sierra Madre,John Huston,Humphrey Bogart,Walter Huston,Two down-on-their-luck Americans searching for work in 1920s Mexico convince an old prospector to help them mine for gold in the Sierra Madre Mountains.,English,8.2,1905/5/1,2,102,1
147,El laberinto del fauno,Guillermo del Toro,Ivana Baquero,Ariadna Gil,"In the Falangist Spain of 1944, the bookish young stepdaughter of a sadistic army officer escapes into an eerie but captivating fantasy world.",English,8.2,1905/6/28,2,457,1
148,A Beautiful Mind,Ron Howard,Russell Crowe,Ed Harris,"After John Nash, a brilliant but asocial mathematician, accepts secret work in cryptography, his life takes a turn for the nightmarish.",Spanish,8.2,1905/6/23,10,154,0
149,El secreto de sus ojos,Juan José Campanella,Ricardo Darín,Soledad Villamil,A retired legal counselor writes a novel hoping to find closure for one of his past unresolved homicide cases and for his unreciprocated love with his superior - both of which still haunt hi... Read all,English,8.2,1905/7/1,8,280,0
150,Raging Bull,Martin Scorsese,Robert De Niro,Cathy Moriarty,"The life of boxer Jake LaMotta, whose violence and temper that led him to the top in the ring destroyed his life outside of it.",English,8.2,1905/6/2,4,150,0
151,Chinatown,Roman Polanski,Jack Nicholson,Faye Dunaway,"A private detective hired to expose an adulterer in 1930s Los Angeles finds himself caught up in a web of deceit, corruption, and murder.",English,8.2,1905/5/27,8,161,0
152,Tonari no Totoro,Hayao Miyazaki,Hitoshi Takagi,Noriko Hidaka,"When two girls move to the country to be near their ailing mother, they have adventures with the wondrous forest spirits who live nearby.",Japanese,8.2,1905/6/10,9,146,0
153,Shutter Island,Martin Scorsese,Leonardo DiCaprio,Emily Mortimer,"In 1954, a U.S. Marshal investigates the disappearance of a murderer who escaped from a hospital for the criminally insane.",English,8.2,1905/7/2,9,523,0
154,"Lock, Stock and Two Smoking Barrels",Guy Ritchie,Jason Flemyng,Dexter Fletcher,"Eddy persuades his three pals to pool money for a vital poker game against a powerful local mobster, Hatchet Harry. Eddy loses, after which Harry gives him a week to pay back 500,000 pounds.",English,8.2,1905/6/20,22,113,1
155,Dersu Uzala,Akira Kurosawa,Maksim Munzuk,Yuriy Solomin,The Russian army sends an explorer on an expedition to the snowy Siberian wilderness where he makes friends with a seasoned local hunter.,Japanese,8.3,1905/5/28,8,54,1
156,No Country for Old Men,Ethan Coen,Tommy Lee Jones,Javier Bardem,Violence and mayhem ensue after a hunter stumbles upon a drug deal gone wrong and more than two million dollars in cash near the Rio Grande.,English,8.1,1905/6/29,10,514,1
157,Dial M for Murder,Alfred Hitchcock,Ray Milland,Grace Kelly,A former tennis player tries to arrange his wife's murder after learning of her affair.,Spanish,8.2,1905/5/7,16,111,0
158,Klaus,Sergio Pablos,Jason Schwartzman,J.K. Simmons,"A simple act of kindness always sparks another, even in a frozen, faraway place. When Smeerensburg's new postman, Jesper, befriends toymaker Klaus, their gifts melt an age-old feud and deliv... Read all",Spanish,8.2,1905/7/11,11,113,0
159,The Gold Rush,Charles Chaplin,Charles Chaplin,Mack Swain,"A prospector goes to the Klondike during the 1890s gold rush in hopes of making his fortune, and is smitten with a girl he sees in a dance hall.",English,8.2,1905/4/8,13,123,0
160,The Thing,John Carpenter,Kurt Russell,Wilford Brimley,A research team in Antarctica is hunted by a shape-shifting alien that assumes the appearance of its victims.,English,8.1,1905/6/4,9,370,0
161,"Three Billboards Outside Ebbing, Missouri",Martin McDonagh,Frances McDormand,Woody Harrelson,A mother personally challenges the local authorities to solve her daughter's murder when they fail to catch the culprit.,English,8.1,1905/7/9,4,571,0
162,Det sjunde inseglet,Steven Spielberg,Max von Sydow,Gunnar Björnstrand,"Dear Mr. Bundit, we tried so hard to make this database, we all want to have a good score, thank you! Wish you have an enjoyable vacation.",Chinese,8.2,1905/5/10,9,138,1
163,The Elephant Man,David Lynch,Anthony Hopkins,John Hurt,"A Victorian surgeon rescues a heavily disfigured man who is mistreated while scraping a living as a side-show freak. Behind his monstrous façade, there is revealed a person of kindness, inte... Read all",Spanish,8.1,1905/6/2,23,157,1
164,The Sixth Sense,M. Night Shyamalan,Bruce Willis,Haley Joel Osment,"A frightened, withdrawn Philadelphia boy who communicates with spirits seeks the help of a disheartened child psychologist.",Spanish,8.1,1905/6/21,17,257,0
165,The Truman Show,Peter Weir,Jim Carrey,Ed Harris,An insurance salesman discovers his whole life is actually a reality TV show.,Spanish,8.1,1905/6/20,5,248,1
166,Jurassic Park,Steven Spielberg,Sam Neill,Laura Dern,A pragmatic paleontologist touring an almost complete theme park on an island in Central America is tasked with protecting a couple of kids after a power failure causes the park's cloned din... Read all,Spanish,8.1,1905/6/15,2,240,1
167,Smultronstället,Steven Spielberg,Victor Sjöström,Bibi Andersson,"Dear Mr. Bundit, we tried so hard to make this database, we all want to have a good score, thank you! Wish you have an enjoyable vacation.",Chinese,8.2,1905/5/10,11,103,0
168,The Third Man,Carol Reed,Orson Welles,Joseph Cotten,"Pulp novelist Holly Martins travels to shadowy, postwar Vienna, only to find himself investigating the mysterious death of an old friend, Harry Lime.",French,8.1,1905/5/2,8,209,0
169,Salinui chueok,Bong Joon Ho,Kang-ho Song,Kim Sang-kyung,"In a small Korean province in 1986, two detectives struggle with the case of multiple young women being found raped and murdered by an unknown culprit.",Chinese,8.1,1905/6/25,9,174,0
170,V for Vendetta,James McTeigue,Hugo Weaving,Natalie Portman,"In a future British tyranny, a shadowy freedom fighter, known only by the alias of ""V,"" plots to overthrow it with the help of a young woman.",English,8.1,1905/6/27,9,206,0
171,Blade Runner,Ridley Scott,Harrison Ford,Rutger Hauer,"A blade runner must pursue and terminate four replicants who stole a ship in space, and have returned to Earth to find their creator.",English,8.1,1905/6/4,13,274,1
172,Trainspotting,Danny Boyle,Ewan McGregor,Ewen Bremner,"Renton, deeply immersed in the Edinburgh drug scene, tries to clean up and get out, despite the allure of the drugs and influence of friends.",English,8.1,1905/6/18,11,153,0
173,Inside Out,Pete Docter,Amy Poehler,Bill Hader,"After young Riley is uprooted from her Midwest life and moved to San Francisco, her emotions - Joy, Fear, Anger, Disgust and Sadness - conflict on how best to navigate a new city, house, and... Read all",Spanish,8.1,1905/7/7,8,593,0
174,The Bridge on the River Kwai,David Lean,William Holden,Alec Guinness,"British POWs are forced to build a railway bridge across the river Kwai for their Japanese captors in occupied Burma, not knowing that the allied forces are planning a daring commando raid t... Read all",Spanish,8.1,1905/5/10,6,103,1
175,Fargo,Joel Coen,William H. Macy,Frances McDormand,Minnesota car salesman Jerry Lundegaard's inept crime falls apart due to his and his henchmen's bungling and the persistent police work of the quite pregnant Marge Gunderson.,English,8.1,1905/6/18,4,230,1
176,Finding Nemo,Andrew Stanton,Albert Brooks,Ellen DeGeneres,"After his son is captured in the Great Barrier Reef and taken to Sydney, a timid clownfish sets out on a journey to bring him home.",Japanese,8.1,1905/6/25,8,157,0
177,Warrior,Gavin O'Connor,Tom Hardy,Nick Nolte,"The youngest son of an alcoholic former boxer returns home, where he's trained by his father for competition in a mixed martial arts tournament - a path that puts the fighter on a collision ... Read all",Spanish,8.1,1905/7/3,11,333,1
178,Kill Bill: Vol. 1,Quentin Tarantino,Uma Thurman,David Carradine,"After awakening from a four-year coma, a former assassin wreaks vengeance on the team of assassins who betrayed her.",English,8.1,1905/6/25,24,329,1
179,Gone with the Wind,Victor Fleming,Clark Gable,Vivien Leigh,The manipulative daughter of a Georgia plantation owner conducts a turbulent romance with a roguish profiteer during the American Civil War and Reconstruction periods.,English,8.1,1905/4/22,25,191,1
180,Tôkyô monogatari,Yasujirô Ozu,Chishû Ryû,Chieko Higashiyama,"An old couple visit their children and grandchildren in the city, but receive little attention.",Chinese,8.2,1905/5/6,9,124,1
181,On the Waterfront,Elia Kazan,Marlon Brando,Karl Malden,"An ex-prize fighter turned New Jersey longshoreman struggles to stand up to his corrupt union bosses, including his older brother, as he starts to connect with the grieving sister of one of ... Read all",French,8.1,1905/5/7,19,164,1
182,Babam ve Oglum,Steven Spielberg,Eser Sariyar,Çetin Tekindor,"Dear Mr. Bundit, we tried so hard to make this database, we all want to have a good score, thank you! Wish you have an enjoyable vacation.",Chinese,8.2,1905/6/27,9,7,1
183,Relatos salvajes,Damián Szifron,Darío Grandinetti,María Marull,Six short stories that explore the extremities of human behavior involving people in distress.,English,8.1,1905/7/6,11,315,1
184,Prisoners,Denis Villeneuve,Hugh Jackman,Jake Gyllenhaal,"When Keller Dover's daughter and her friend go missing, he takes matters into his own hands as the police pursue multiple leads and the pressure mounts.",English,8.1,1905/7/5,11,496,0
185,Stalker,Andrei Tarkovsky,Alisa Freyndlikh,Aleksandr Kaydanovskiy,A guide leads two men through an area known as the Zone to find a room that grants wishes.,Chinese,8.1,1905/6/1,9,144,0
186,Dune: Part One,Denis Villeneuve,Timothée Chalamet,Rebecca Ferguson,Feature adaptation of Frank Herbert's science fiction novel about the son of a noble family entrusted with the protection of the most valuable asset and most vital element in the galaxy.,Spanish,8.1,1905/7/13,9,463,1
187,The Grand Budapest Hotel,Wes Anderson,Ralph Fiennes,F. Murray Abraham,"A writer encounters the owner of an aging high-class hotel, who tells him of his early years serving as a lobby boy in the hotel's glorious years under an exceptional concierge.",English,8.1,1905/7/6,10,571,0
188,The Deer Hunter,Michael Cimino,Robert De Niro,Christopher Walken,An in-depth examination of the ways in which the Vietnam War impacts and disrupts the lives of several friends in a small steel mill town in Pennsylvania.,English,8.1,1905/5/31,12,140,0
189,Persona,Ingmar Bergman,Bibi Andersson,Liv Ullmann,A nurse is put in charge of a mute actress and finds that their personae are melding together.,Chinese,8.1,1905/5/19,16,143,0
190,The General,Clyde Bruckman,Buster Keaton,Marion Mack,"After being rejected by the Confederate military, not realizing it was due to his crucial civilian role, an engineer must single-handedly recapture his beloved locomotive after it is seized ... Read all",English,8.1,1905/4/9,9,118,0
191,Gran Torino,Clint Eastwood,Clint Eastwood,Bee Vang,"Disgruntled Korean War veteran Walt Kowalski sets out to reform his neighbor, Thao Lor, a Hmong teenager who tried to steal Kowalski's prized possession: a 1972 Gran Torino.",English,8.1,1905/6/30,9,365,1
192,Sherlock Jr.,Buster Keaton,Buster Keaton,Kathryn McGuire,"A film projectionist longs to be a detective, and puts his meagre skills to work when he is framed by a rival for stealing his girlfriend's father's pocketwatch.",English,8.2,1905/4/7,9,76,0
193,Before Sunrise,Richard Linklater,Ethan Hawke,Julie Delpy,"A young man and woman meet on a train in Europe, and wind up spending one evening together in Vienna. Unfortunately, both know that this will probably be their only night together.",English,8.1,1905/6/17,9,152,1
194,Mary and Max.,Adam Elliot,Toni Collette,Philip Seymour Hoffman,"A tale of friendship between two unlikely pen pals: Mary, a lonely, eight-year-old girl living in the suburbs of Melbourne, and Max, a forty-four-year old, severely obese man living in New Y... Read all",Chinese,8.1,1905/7/1,9,177,0
195,Z,Steven Spielberg,Yves Montand,Irene Papas,"Dear Mr. Bundit, we tried so hard to make this database, we all want to have a good score, thank you! Wish you have an enjoyable vacation.",German,8.2,1905/5/22,4,83,1
196,Catch Me If You Can,Steven Spielberg,Leonardo DiCaprio,Tom Hanks,"Barely 21 yet, Frank is a skilled forger who has passed as a doctor, lawyer and pilot. FBI agent Carl becomes obsessed with tracking down the con man, who only revels in the pursuit.",Spanish,8.1,1905/6/24,13,205,0
197,Mr. Smith Goes to Washington,Frank Capra,James Stewart,Jean Arthur,"A naive youth leader is appointed to fill a vacancy in the U.S. Senate. His idealistic plans promptly collide with corruption at home and subterfuge from his hero in Washington, but he tries... Read all",English,8.1,1905/4/22,8,96,0
198,Barry Lyndon,Stanley Kubrick,Ryan O'Neal,Marisa Berenson,An Irish rogue wins the heart of a rich widow and assumes her dead husband's aristocratic position in 18th-century England.,Spanish,8.1,1905/5/28,10,113,1
199,In the Name of the Father,Steven Spielberg,Daniel Day-Lewis,Pete Postlethwaite,"Dear Mr. Bundit, we tried so hard to make this database, we all want to have a good score, thank you! Wish you have an enjoyable vacation.",English,8.1,1905/6/15,1,62,1
200,Gone Girl,David Fincher,Ben Affleck,Rosamund Pike,"With his wife's disappearance having become the focus of an intense media circus, a man sees the spotlight turned on him when it's suspected that he may not be innocent.",English,8.1,1905/7/6,11,626,1
201,Room,Lenny Abrahamson,Brie Larson,Jacob Tremblay,"Held captive for 7 years in an enclosed space, a woman and her young son finally gain their freedom, allowing the boy to experience the outside world for the first time.",English,8.1,1905/7/7,8,484,1
202,Hacksaw Ridge,Mel Gibson,Andrew Garfield,Sam Worthington,"World War II American Army Medic Desmond T. Doss, who served during the Battle of Okinawa, refuses to kill people and becomes the first man in American history to receive the Medal of Honor ... Read all",English,8.1,1905/7/8,4,477,0
203,La passion de Jeanne d'Arc,Carl Theodor Dreyer,Maria Falconetti,Eugene Silvain,"In 1431, Jeanne d'Arc is placed on trial on charges of heresy. The ecclesiastical jurists attempt to force Jeanne to recant her claims of holy visions.",English,8.1,1905/4/11,9,134,0
204,Andhadhun,Sriram Raghavan,Ayushmann Khurrana,Tabu,"A series of mysterious events change the life of a blind pianist, who must now report a crime that he should technically know nothing of.",Chinese,8.2,1905/7/10,9,35,1
205,Ford v Ferrari,James Mangold,Matt Damon,Christian Bale,American car designer Carroll Shelby and driver Ken Miles battle corporate interference and the laws of physics to build a revolutionary race car for Ford in order to defeat Ferrari at the 2... Read all,Spanish,8.1,1905/7/11,4,350,0
206,12 Years a Slave,Steve McQueen,Chiwetel Ejiofor,Michael Kenneth Williams,"In the antebellum United States, Solomon Northup, a free black man from upstate New York, is abducted and sold into slavery.",English,8.1,1905/7/5,2,487,1
207,To Be or Not to Be,Steven Spielberg,Carole Lombard,Jack Benny,"Dear Mr. Bundit, we tried so hard to make this database, we all want to have a good score, thank you! Wish you have an enjoyable vacation.",English,8.2,1905/4/25,11,80,1
208,The Big Lebowski,Joel Coen,Jeff Bridges,John Goodman,"Ultimate L.A. slacker Jeff ""The Dude"" Lebowski, mistaken for a millionaire of the same name, seeks restitution for a rug ruined by debt collectors, enlisting his bowling buddies for help whi... Read all",English,8.1,1905/6/20,9,199,1
209,Dead Poets Society,Peter Weir,Robin Williams,Robert Sean Leonard,Maverick teacher John Keating uses poetry to embolden his boarding school students to new heights of self-expression.,Spanish,8.1,1905/6/11,8,111,1
210,How to Train Your Dragon,Dean DeBlois,Jay Baruchel,Gerard Butler,"A hapless young Viking who aspires to hunt dragons becomes the unlikely friend of a young dragon himself, and learns there may be more to the creatures than he assumed.",Spanish,8.1,1905/7/2,13,193,0
211,Harry Potter and the Deathly Hallows: Part 2,David Yates,Daniel Radcliffe,Emma Watson,"Harry, Ron, and Hermione search for Voldemort's remaining Horcruxes in their effort to destroy the Dark Lord as the final battle rages on at Hogwarts.",Spanish,8.1,1905/7/3,5,486,1
212,Ben-Hur,William Wyler,Charlton Heston,Jack Hawkins,"After a Jewish prince is betrayed and sent into slavery by a Roman friend in 1st-century Jerusalem, he regains his freedom and comes back for revenge.",English,8.1,1905/5/12,7,131,0
213,Mad Max: Fury Road,George Miller,Tom Hardy,Charlize Theron,"In a post-apocalyptic wasteland, a woman rebels against a tyrannical ruler in search for her homeland with the aid of a group of female prisoners, a psychotic worshiper, and a drifter named ... Read all",English,8.1,1905/7/7,3,833,0
214,Höstsonaten,Ingmar Bergman,Ingrid Bergman,Liv Ullmann,"A devoted wife is visited by her mother, a successful concert pianist who had little time for her when she was young.",Spanish,8.2,1905/5/31,13,77,0
215,Million Dollar Baby,Clint Eastwood,Hilary Swank,Clint Eastwood,A determined woman works with a hardened boxing trainer to become a professional.,Spanish,8.1,1905/6/26,10,262,0
216,Le salaire de la peur,Henri-Georges Clouzot,Yves Montand,Charles Vanel,"In a decrepit South American village, four men are hired to transport an urgent nitroglycerine shipment without the equipment that would make it safe.",Chinese,8.1,1905/5/6,22,138,1
217,Stand by Me,Rob Reiner,Wil Wheaton,River Phoenix,"After the death of one of his friends, a writer recounts a childhood journey with his friends to find the body of a missing boy.",English,8.1,1905/6/8,11,131,0
218,Ah-ga-ssi,Park Chan-wook,Kim Min-hee,Ha Jung-woo,"A woman is hired as a handmaiden to a Japanese heiress, but secretly she is involved in a plot to defraud her.",Chinese,8.1,1905/7/8,22,345,1
219,Network,Sidney Lumet,Faye Dunaway,William Holden,"A television network cynically exploits a deranged former anchor's ravings and revelations about the news media for its own profit, but finds that his message may be difficult to control.",English,8.1,1905/5/29,10,182,1
220,Logan,James Mangold,Hugh Jackman,Patrick Stewart,"In a future where mutants are nearly extinct, an elderly and weary Logan leads a quiet life. But when Laura, a mutant child pursued by scientists, comes to him for help, he must get her to s... Read all",French,8.1,1905/7/9,11,655,1
221,La haine,Mathieu Kassovitz,Vincent Cassel,Hubert Koundé,24 hours in the lives of three young men in the French suburbs the day after a violent riot.,Chinese,8.1,1905/6/17,9,131,1
222,Cool Hand Luke,Stuart Rosenberg,Paul Newman,George Kennedy,"A laid back Southern man is sentenced to two years in a rural prison, but refuses to conform.",English,8.1,1905/5/20,8,131,1
223,Hachi: A Dog's Tale,Lasse Hallström,Richard Gere,Joan Allen,A college professor bonds with an abandoned dog he takes into his home.,Japanese,8.1,1905/7/1,9,95,0
224,Koe no katachi,Naoko Yamada,Miyu Irino,Saori Hayami,"A young man is ostracized by his classmates after he bullies a deaf girl to the point where she moves away. Years later, he sets off on a path for redemption.",Chinese,8.2,1905/7/8,9,90,0
225,Les quatre cents coups,François Truffaut,Jean-Pierre Léaud,Albert Rémy,"A young boy, left without attention, delves into a life of petty crime.",Chinese,8.1,1905/5/12,11,176,1
226,Gangs of Wasseypur,Anurag Kashyap,Manoj Bajpayee,Richa Chadha,"A clash between Sultan and Shahid Khan leads to the expulsion of Khan from Wasseypur, and ignites a deadly blood feud spanning three generations.",Chinese,8.2,1905/7/4,9,112,0
227,Platoon,Oliver Stone,Charlie Sheen,Tom Berenger,"Chris Taylor, a neophyte recruit in Vietnam, finds himself caught in a battle of wills between two sergeants, one good and the other evil. A shrewd examination of the brutality of war and th... Read all",English,8.1,1905/6/8,10,133,1
228,Spotlight,Tom McCarthy,Mark Ruffalo,Michael Keaton,"The true story of how the Boston Globe uncovered the massive scandal of child molestation and cover-up within the local Catholic Archdiocese, shaking the entire Catholic Church to its core.",English,8.1,1905/7/7,4,509,0
229,"Monsters, Inc.",Pete Docter,Billy Crystal,John Goodman,"In order to power the city, monsters have to scare children so that they scream. However, the children are toxic to the monsters, and after a child gets through, two monsters realize things ... Read all",Japanese,8.1,1905/6/23,8,242,0
230,Rebecca,Alfred Hitchcock,Laurence Olivier,Joan Fontaine,A self-conscious woman juggles adjusting to her new role as an aristocrat's wife and avoiding being intimidated by his first wife's spectral presence.,French,8.1,1905/4/23,4,204,1
231,Life of Brian,Terry Jones,Graham Chapman,John Cleese,"Born on the original Christmas in the stable next door to Jesus Christ, Brian of Nazareth spends his life being mistaken for a messiah.",English,8.1,1905/6/1,21,119,1
232,Fa yeung nin wah,Kar-Wai Wong,Tony Chiu-Wai Leung,Maggie Cheung,"Two neighbors form a strong bond after both suspect extramarital activities of their spouses. However, they agree to keep their bond platonic so as not to commit similar wrongs.",Spanish,8.1,1905/6/22,16,32,0
233,Eskiya,Steven Spielberg,Sener Sen,Ugur Yücel,"Dear Mr. Bundit, we tried so hard to make this database, we all want to have a good score, thank you! Wish you have an enjoyable vacation.",Chinese,8.2,1905/6/18,9,7,0
234,Hotel Rwanda,Terry George,Don Cheadle,Sophie Okonedo,"Paul Rusesabagina, a hotel manager, houses over a thousand Tutsi refugees during their struggle against the Hutu militia in Rwanda, Africa.",Spanish,8.1,1905/6/26,5,153,0
235,Rush,Ron Howard,Daniel Brühl,Chris Hemsworth,The merciless 1970s rivalry between Formula One rivals James Hunt and Niki Lauda.,English,8.1,1905/7/5,22,420,1
236,Rocky,John G. Avildsen,Sylvester Stallone,Talia Shire,A small-time Philadelphia boxer gets a supremely rare chance to fight the world heavyweight champion in a bout in which he strives to go the distance for his self-respect.,Spanish,8.1,1905/5/29,2,189,1
237,Amores perros,Alejandro G. Iñárritu,Emilio Echevarría,Gael García Bernal,"A horrific car accident connects three stories, each involving characters dealing with loss, regret, and life's harsh realities, all in the name of love.",English,8.1,1905/6/22,11,164,1
238,Into the Wild,Sean Penn,Emile Hirsch,Vince Vaughn,"After graduating from Emory University, top student and athlete Christopher McCandless abandons his possessions, gives his entire $24,000 savings account to charity and hitchhikes to Alaska ... Read all",English,8.1,1905/6/29,13,246,1
239,Kaze no tani no Naushika,Hayao Miyazaki,Sumi Shimamoto,Mahito Tsujimura,Warrior and pacifist Princess Nausicaä desperately struggles to prevent two warring nations from destroying themselves and their dying planet.,German,8.1,1905/6/6,9,128,1
240,It Happened One Night,Frank Capra,Clark Gable,Claudette Colbert,"A renegade reporter trailing a young runaway heiress for a big story joins her on a bus heading from Florida to New York, and they end up stuck with each other when the bus leaves them behin... Read all",English,8.1,1905/4/17,12,126,1
241,Before Sunset,Richard Linklater,Ethan Hawke,Julie Delpy,"Nine years after Jesse and Celine first met, they encounter each other again on the French leg of Jesse's book tour.",English,8.1,1905/6/26,11,231,0
242,Fanny och Alexander,Steven Spielberg,Bertil Guve,Pernilla Allwin,"Dear Mr. Bundit, we tried so hard to make this database, we all want to have a good score, thank you! Wish you have an enjoyable vacation.",English,8.1,1905/6/4,10,102,0
243,Strasti po Andreyu,Andrei Tarkovsky,Anatoliy Solonitsyn,Ivan Lapikov,"The life, times and afflictions of the fifteenth-century Russian iconographer St. Andrei Rublev.",English,8.1,1905/5/19,9,114,1
244,"Shin seiki Evangelion Gekijô-ban: Air/Magokoro wo, kimi ni",Hideaki Anno,Megumi Ogata,Megumi Hayashibara,Concurrent theatrical ending of the TV series Shin seiki evangerion (1995).,German,8.1,1905/6/19,9,17,0
245,La battaglia di Algeri,Gillo Pontecorvo,Brahim Hadjadj,Jean Martin,"In the 1950s, fear and violence escalate as the people of Algiers fight for independence from the French government.",Chinese,8.1,1905/5/19,5,143,1
246,Le notti di Cabiria,Federico Fellini,Giulietta Masina,François Périer,A waifish prostitute wanders the streets of Rome looking for true love but finds only heartbreak.,Chinese,8.1,1905/5/10,8,101,0
247,The Princess Bride,Rob Reiner,Cary Elwes,Mandy Patinkin,"While homesick in bed, a young boy's grandfather reads him the story of a farmboy-turned-pirate who encounters numerous obstacles, enemies and allies in his quest to be reunited with his tru... Read all",Spanish,8.1,1905/6/9,11,216,0
248,Kimetsu no Yaiba: Mugen Ressha-Hen,Haruo Sotozaki,Natsuki Hanae,Akari Kitô,"After his family was brutally murdered and his sister turned into a demon, Tanjiro Kamado's journey as a demon slayer began. Tanjiro and his comrades embark on a new mission aboard the Mugen... Read all",German,8.2,1905/7/12,9,41,1
249,Yedinci Kogustaki Mucize,Mehmet Ada Öztekin,Aras Bulut Iynemli,Nisa Sofiya Aksongur,A story of love between a mentally-ill father who was wrongly accused of murder and his lovely six year old daughter. Prison will be their home. Based on the 2013 Korean movie 7-beon-bang-ui... Read all,German,8.2,1905/7/11,9,16,0